<?xml version="1.0" encoding="UTF-8"?>
<!DOCTYPE suite SYSTEM "https://testng.org/testng-1.0.dtd">
<suite name="Suite">
	<groups>
		<run>
			<include name="smoke,regression"></include>
			
			
		</run>
	</groups>
	<test thread-count="5" name="Test" verbose="5">
		<classes>
			<class name="testng.day3.CreateAdd" />
			<class name="testng.day3.DeleteAdd" />
			<class name="testng.day3.EditAdd" />
			<class name="testng.day3.DuplicateAdd" />
		</classes>
	</test> <!-- Test -->
</suite> <!-- Suite -->
