<?xml version="1.0" encoding="UTF-8"?>
<!DOCTYPE suite SYSTEM "https://testng.org/testng-1.0.dtd">
<suite name="Suite">

<listeners>

<listener class-name="testng.day3.RetryListner"></listener>

</listeners>
  <test thread-count="5" name="Test">
    <classes>
     <!--  <class name="testng.day3.CreateAdd"/>   -->
      <!--  <class name="testng.day3.DeleteAdd"/>  -->
       <!-- <class name="testng.day3.EditAdd"/>   -->
       <!-- <class name="testng.day3.DuplicateAdd"/>   -->
            <class name="testng.day3.RandomFailure"/>
    </classes>
  </test> <!-- Test -->
</suite> <!-- Suite -->
