<?xml version="1.0" encoding="UTF-8"?>
<!DOCTYPE suite SYSTEM "https://testng.org/testng-1.0.dtd">
<suite name="Suite">
	<test thread-count="3" name="smokeTest" parallel="classes" verbose="5">
		<classes>
			<class name="W5.D1.CreateLead" />
			<class name="W5.D1.EditLead" />
		</classes>
	</test> <!-- Test -->
 
	<test thread-count="2" name="FunctionTest" parallel="classes" verbose="5">
		<classes>
			<class name="W5.D1.CreateLead" />
			<class name="W5.D1.DeleteLead" />
   		    <class name="W5.D1.EditLead" />
		</classes>
	</test> <!-- Test -->
 

</suite> <!-- Suite -->
  