<?xml version="1.0" encoding="UTF-8"?>
<!DOCTYPE suite SYSTEM "https://testng.org/testng-1.0.dtd">
<suite name="Suite">


  <test name="ChromeTest" verbose="5">
  <parameter name="browsername" value="Chrome"></parameter>
    <classes>
      <class name="testng.day3.CrossBrowserTest"/>
    </classes>
  </test> <!-- Test -->
  
  
  <test name="FirefoxTest"  verbose="5">
  <parameter name="browsername" value="Firefox"></parameter>
    <classes>
      <class name="testng.day3.CrossBrowserTest"/>
    </classes>
  </test> <!-- Test -->
 
 
  <test name="EdgeTest"  verbose="5">
  <parameter name="browsername" value="Edge"></parameter> 
    <classes>
      <class name="testng.day3.CrossBrowserTest"/>
    </classes>
  </test> <!-- Test -->
  
  
</suite> <!-- Suite -->
