<?xml version="1.0" encoding="UTF-8"?>
<!DOCTYPE suite SYSTEM "https://testng.org/testng-1.0.dtd">
<suite name="Suite">
	<parameter name="Username" value="DemoSalesManager"></parameter>
	<parameter name="Password" value="crmsfa"></parameter>
	<test thread-count="5" name="Test" verbose="5">
		<classes>
			<class name="ExcelData.CreateLeadEDP" />
			<class name="ExcelData.EditLeadEDP" />
			<class name="ExcelData.DeleteLeadEDP" />
			<class name="ExcelData.DuplicateLeadEDP" />
		</classes>
	</test> <!-- Test -->
</suite> <!-- Suite -->
