<?xml version="1.0" encoding="UTF-8"?>
<!DOCTYPE suite SYSTEM "https://testng.org/testng-1.0.dtd">
<suite name="Suite">
	<parameter name="Username" value="DemoSalesManager"></parameter>
	<parameter name="Password" value="crmsfa"></parameter>

	<test thread-count="5" name="Test" verbose="5">
		<classes>
			<class name="W5.D2.CreateLeadDP" />
			<class name="W5.D2.EditLeadDP" />
			<class name="W5.D2.DuplicateLeadDP" />
			<class name="W5.D2.DeleteLeadDP" />
		</classes>
	</test> <!-- Test -->
</suite> <!-- Suite -->
