<?xml version="1.0" encoding="UTF-8"?>
<!DOCTYPE suite SYSTEM "https://testng.org/testng-1.0.dtd">

<suite name="Suite">
	<parameter name="Username" value="DemoSalesManager"></parameter>
	<parameter name="Password" value="crmsfa"></parameter>
	<test thread-count="5" parallel="classes" name="Test1" verbose="5">
		<classes>
			<class name="ExcelData.CreateLeadEDP" />
		</classes>
	</test> <!-- Test -->


	<parameter name="Username" value="DemoSalesManager1"></parameter>
	<parameter name="Password" value="crmsfa"></parameter>
	<test thread-count="5" parallel="classes" name="Test2" verbose="5">
		<classes>
			<class name="ExcelData.EditLeadEDP" />
		</classes>
	</test> <!-- Test -->



</suite> <!-- Suite -->
